id,product_name,price,description,stock,category,is_active,created_at
1,AI 智慧主動降噪耳機 Pro,3800.0,支援 45dB 深度降噪與高解析音質無線傳輸,45,3C 數位,1,2026-09-05 06:36:20
2,客製化熱插拔三模機械鍵盤,2600.0,PBT 鍵帽，支援藍牙 5.3、2.4G 與 Type-C 連接,28,電腦周邊,1,2026-09-05 06:36:20
3,4K 27 吋 Type-C 廣色域護眼螢幕,8990.0,IPS 面板，具備 90W 反向供電與抗藍光技術,15,3C 數位,1,2026-09-05 06:36:20
4,超輕量抗撕裂雙人鋁合金登山帳,4500.0,重量僅 1.6kg，防暴雨級外帳材質,12,戶外休閒,1,2026-09-05 06:36:20
5,耶加雪菲產區精品手沖咖啡豆 250g,480.0,淺中烘焙，帶有迷人茉莉花香與柑橘果酸,85,美食飲品,1,2026-09-05 06:36:20
6,雙層真空 316 不鏽鋼保溫隨行杯 550ml,750.0,長效保溫保冷 12 小時，防漏矽膠密封圈,60,生活日用,1,2026-09-05 06:36:20
7,現代全端架構與大模型實戰應用 (精裝書),680.0,深入講解 React、FastAPI 與企業級 RAG 落地,40,專業書籍,1,2026-09-05 06:36:20
8,SynapseAI 專業開發者 API 月費訂閱,1200.0,提供每月 500 萬 Tokens 推理額度與技術支援,999,軟體服務,1,2026-09-05 06:36:20
9,多功能 10 合 1 鋁合金 USB-C 擴充塢,1450.0,支援 4K 60Hz 輸出、PD 100W 快充與千兆網孔,35,電腦周邊,1,2026-09-05 06:36:20
10,高透氣人體工學工藝辦公椅,6200.0,全網透氣材質，具備多向腰靠調節與 3D 扶手,8,辦公家具,1,2026-09-05 06:36:20
