id,user_id,product_id,quantity,purchase_price,status,purchased_at
1,1,1,1,3800.0,completed,2025-12-05 14:12:00
2,1,5,2,480.0,completed,2025-12-24 10:30:00
3,1,7,1,680.0,completed,2026-01-15 09:20:00
4,2,2,1,2600.0,completed,2025-12-10 11:45:00
5,2,9,1,1450.0,completed,2026-01-08 16:10:00
6,3,4,1,4500.0,completed,2026-01-02 20:15:00
7,3,6,2,750.0,completed,2026-01-20 18:00:00
8,4,3,1,8990.0,completed,2026-01-12 15:30:00
9,4,10,1,6200.0,completed,2026-02-01 11:20:00
10,4,5,1,480.0,completed,2026-02-14 14:40:00
11,5,8,1,1200.0,completed,2026-01-18 10:05:00
12,5,2,1,2600.0,completed,2026-01-25 17:50:00
13,6,1,1,3800.0,completed,2026-01-28 12:15:00
14,6,5,3,480.0,completed,2026-02-10 16:30:00
15,6,7,1,680.0,completed,2026-02-18 09:10:00
16,7,9,1,1450.0,completed,2026-02-05 13:25:00
17,7,6,1,750.0,refunded,2026-02-08 19:10:00
18,8,3,1,8990.0,completed,2026-02-15 14:00:00
19,8,8,1,1200.0,pending,2026-03-01 10:20:00
20,10,1,1,3800.0,completed,2026-02-28 15:45:00
21,10,5,1,480.0,completed,2026-03-02 11:30:00
22,10,6,1,750.0,completed,2026-03-04 18:20:00
